Category,count,mean,std,min,25%,50%,75%,max
Accessories,8804.0,0.24853475692866878,0.14395593092799103,0.0,0.13,0.25,0.37,0.5
Apparel,8758.0,0.24997488010961405,0.14456235690559693,0.0,0.13,0.25,0.38,0.5
Electronics,8823.0,0.24866598662586423,0.14457741745363845,0.0,0.12,0.25,0.37,0.5
Furniture,8938.0,0.2505784291787872,0.14399598943274106,0.0,0.13,0.25,0.37,0.5
Stationery,8813.0,0.252125269488256,0.1441950175919061,0.0,0.13,0.25,0.38,0.5
