PaymentMethod,Mean_Discount
Bank Transfer,0.2503717897001479
Credit Card,0.25007293299706906
paypall,0.24947981632513191
