Country,Mean_Discount
Australia,0.24786597088711892
Belgium,0.24633405639913233
France,0.250124900345469
Germany,0.2516008653326122
Italy,0.24953442988569838
Netherlands,0.2555699972921744
Norway,0.2469463995668652
Portugal,0.25347165717385406
Spain,0.2504175824175824
Sweden,0.24903494623655914
United Kingdom,0.2503423913043478
United States,0.24843621399176954
