SalesChannel,Mean_Discount
In-store,0.2493594063012202
Online,0.2505899332491431
