OrderPriority,Mean_Discount
High,0.25136929460580915
Low,0.24997343505210817
Medium,0.24859495729971534
