ReturnStatus,Mean_Discount
Not Returned,0.24983524625160108
Returned,0.2512896503820329
