Description,Discount
Office Chair,0.2523215177234149
T-shirt,0.2517672090112641
Backpack,0.25138211382113823
USB Cable,0.25132906719173026
Wireless Mouse,0.2508559712967709
Blue Pen,0.25030684104627765
Wall Clock,0.24990021903139448
Headphones,0.2481856856856857
Desk Lamp,0.24809606338202528
White Mug,0.2480138682516097
